"game","platform"
52,17
52,94
52,121
52,123
56,94
59,22
59,94
116,94
134,23
139,1
142,94
175,17
175,22
175,94
175,102
175,152
232,4
232,19
232,20
232,23
232,32
232,52
232,86
232,94
237,94
258,94
262,94
263,11
263,12
263,14
263,15
263,16
263,47
263,94
263,110
263,112
374,22
374,94
392,1
392,94
397,1
397,3
397,4
397,5
397,6
397,8
397,9
397,13
397,14
397,19
397,22
397,39
397,52
397,88
397,94
397,116
397,125
434,94
478,17
478,22
478,42
478,94
478,96
478,121
478,123
512,9
537,40
561,43
561,94
572,94
625,94
634,94
675,1
675,13
675,14
675,94
706,57
748,94
751,94
758,22
758,94
830,28
843,1
843,13
843,94
936,1
936,39
940,14
981,19
981,32
981,94
995,94
1042,4
1089,1
1165,22
1165,94
1179,94
1189,94
1230,1
1230,94
1239,52
1239,139
1252,1
1252,94
1258,94
1312,11
1312,14
1312,15
1312,16
1312,24
1321,18
1321,19
1321,32
1321,94
1336,22
1336,43
1336,57
1341,19
1341,32
1424,22
1424,43
1424,94
1437,94
1462,19
1462,37
1462,84
1462,86
1531,19
1531,37
1531,87
1531,94
1550,11
1550,16
1571,94
1586,94
1606,94
1704,40
1730,94
1738,94
1760,3
1760,5
1760,6
1760,9
1760,22
1760,26
1760,94
1764,94
1854,94
1869,94
1878,3
1878,5
1920,22
1920,94
1940,94
1972,1
1972,13
1972,14
1972,94
1999,4
1999,19
1999,23
1999,32
1999,36
1999,94
2027,1
2027,3
2027,17
2027,38
2027,86
2043,94
2074,1
2074,3
2074,9
2074,11
2074,13
2074,14
2074,39
2074,94
2084,57
2106,20
2106,35
2106,94
2128,94
2135,94
2161,94
2163,1
2163,9
2163,13
2163,14
2163,94
2194,94
2199,94
2325,25
2325,59
2325,84
2357,94
2493,94
2536,1
2536,6
2536,8
2536,11
2536,13
2536,14
2536,15
2536,16
2536,21
2536,53
2536,84
2536,86
2536,87
2536,88
2536,94
2536,138
2549,86
2561,1
2561,3
2561,5
2561,6
2561,8
2561,9
2561,11
2561,12
2561,13
2561,14
2561,16
2561,17
2561,21
2561,29
2561,53
2561,55
2561,57
2561,87
2561,94
2561,96
2561,138
2562,14
2562,16
2575,94
2684,22
2720,94
2733,17
2733,94
2770,1
2770,13
2770,14
2770,94
2780,1
2780,39
2780,94
2783,94
2825,94
2839,19
2839,94
2844,52
2844,106
2875,94
2920,1
2920,94
2977,1
2977,11
2977,13
2977,14
2977,16
2977,94
2996,1
2996,13
2996,94
3045,1
3055,19
3055,23
3055,32
3055,94
3059,94
3095,4
3095,138
3095,139
3107,22
3107,37
3107,84
3107,88
3107,116
3137,11
3137,12
3137,14
3137,16
3137,24
3141,32
3141,94
3189,6
3189,53
3189,87
3189,88
3189,94
3220,16
3279,18
3279,86
3279,94
3279,96
3279,116
3279,121
3342,94
3373,1
3390,94
3416,94
3450,22
3450,88
3450,116
3460,17
3460,22
3460,42
3460,94
3507,94
3566,94
3659,18
3689,32
3717,1
3717,11
3717,14
3717,16
3717,94
3726,19
3726,32
3726,94
3792,4
3792,19
3792,23
3792,32
3792,94
3812,94
3877,17
3877,22
3877,94
3929,94
3964,94
3987,1
3987,11
3987,13
3987,14
3987,16
4009,94
4019,94
4044,94
4047,37
4064,11
4064,14
4064,16
4098,94
4108,23
4133,94
4159,11
4159,14
4159,16
4159,94
4175,1
4175,39
4175,94
4203,22
4203,94
4209,20
4209,35
4209,88
4209,94
4209,145
4209,146
4272,57
4337,22
4337,42
4337,94
4385,1
4385,9
4385,13
4441,19
4441,32
4449,4
4449,36
4449,52
4449,94
4531,1
4531,6
4531,39
4533,9
4574,1
4574,94
4574,96
4577,17
4577,22
4577,94
4623,19
4623,32
4623,94
4646,19
4646,32
4689,94
4704,1
4704,11
4704,13
4704,14
4704,16
4710,47
4864,19
4864,23
4864,32
4864,94
4884,94
4899,94
4920,1
4920,9
4920,39
4920,94
4944,1
4944,13
4944,94
4961,15
5028,94
5077,5
5077,6
5077,9
5077,29
5094,16
5099,3
5099,4
5099,9
5099,15
5099,21
5099,22
5099,24
5099,36
5099,40
5099,42
5099,43
5099,57
5099,65
5099,67
5099,84
5099,87
5099,88
5099,94
5099,96
5099,116
5099,140
5099,141
5110,17
5110,94
5110,152
5155,94
5299,94
5303,94
5304,6
5304,84
5329,1
5329,13
5329,94
5344,11
5344,14
5344,16
5344,24
5344,91
5358,19
5358,32
5358,94
5366,4
5366,19
5366,20
5366,23
5366,36
5366,52
5366,94
5395,4
5474,19
5474,23
5474,32
5483,19
5483,96
5483,116
5494,36
5524,1
5524,13
5562,1
5562,13
5612,94
5647,94
5694,1
5694,5
5694,6
5694,9
5694,39
5705,29
5706,94
5809,65
5840,1
5840,94
5855,1
5855,13
5855,94
5885,19
5892,19
5892,32
5900,94
5919,22
5926,24
6006,94
6100,17
6100,94
6100,152
6165,25
6165,84
6204,17
6204,94
6235,94
6279,3
6279,6
6279,9
6279,22
6279,42
6279,94
6297,19
6297,32
6346,17
6346,94
6357,94
6442,94
6496,22
6496,84
6496,88
6506,94
6517,1
6517,13
6517,94
6553,94
6582,18
6582,19
6582,20
6582,94
6585,94
6594,1
6594,17
6594,94
6614,22
6681,20
6681,35
6681,86
6681,94
6681,145
6681,146
6688,94
6795,17
6795,94
6803,16
6810,6
6810,9
6817,37
6907,22
6919,94
6948,17
6948,94
6993,17
6993,94
6993,96
6993,121
6993,140
7042,86
7042,94
7125,94
7126,94
7143,94
7146,94
7164,37
7337,4
7337,19
7337,32
7346,7
7347,1
7347,13
7347,94
7360,22
7360,88
7360,116
7408,19
7423,42
7449,94
7474,19
7480,22
7480,57
7480,94
7514,19
7545,15
7584,94
7592,94
7615,11
7615,13
7615,14
7615,16
7615,94
7660,1
7660,13
7660,94
7668,94
7695,1
7695,39
7695,94
7725,94
7748,1
7755,11
7755,16
7766,94
7829,18
7829,72
7829,86
7829,94
7829,96
7829,116
7829,124
7834,94
7896,17
7896,94
7896,121
7974,21
7984,94
7997,19
7997,32
8028,17
8028,94
8132,14
8140,57
8168,11
8168,14
8168,16
8230,13
8266,94
8276,14
8276,94
8315,36
8315,52
8330,17
8330,94
8332,21
8385,1
8385,13
8385,94
8426,11
8426,14
8426,16
8426,94
8426,150
8432,94
8466,94
8490,6
8504,11
8504,15
8504,16
8542,9
8542,17
8542,94
8542,152
8629,22
8695,22
8695,26
8695,42
8695,94
8697,22
8736,22
8736,88
8736,94
8736,116
8760,94
8785,72
8785,94
8823,94
8828,14
8829,19
8832,20
8832,94
8919,1
8938,1
8938,94
8956,19
8957,22
8957,42
8957,88
8957,94
8957,116
9000,94
9004,94
9037,19
9079,94
9109,22
9109,57
9109,94
9123,3
9123,9
9164,36
9164,94
9169,6
9169,9
9169,29
9203,17
9203,94
9203,152
9227,94
9307,9
9307,87
9343,4
9343,19
9343,23
9343,32
9343,94
9348,17
9348,94
9374,1
9374,13
9374,14
9374,94
9378,9
9378,87
9387,35
9423,17
9423,86
9423,94
9423,96
9423,121
9423,123
9424,17
9424,94
9495,1
9495,13
9495,94
9506,6
9506,7
9506,9
9506,84
9545,40
9558,94
9570,1
9570,13
9570,94
9584,17
9584,94
9608,94
9666,94
9697,94
9740,11
9740,14
9740,16
9774,43
9774,94
9791,42
9791,88
9791,116
9804,16
9825,19
9825,20
9825,36
9825,52
9825,94
9847,1
9847,5
9847,6
9847,8
9847,9
9847,26
9847,27
9847,39
9847,84
9847,94
9871,25
9871,59
9871,84
9884,94
9903,22
9927,4
9927,19
9927,23
9927,32
9927,94
9976,94
10025,1
10025,3
10025,13
10025,94
10069,1
10069,14
10069,94
10129,19
10129,37
10129,94
10147,94
10164,4
10215,94
10281,19
10281,88
10281,94
10343,6
10343,14
10473,17
10473,94
10491,1
10491,13
10580,4
10599,94
10637,17
10637,94
10637,121
10710,94
10778,94
10810,94
10834,1
10834,8
10834,11
10834,13
10834,14
10834,16
10834,94
10863,37
10863,94
10877,94
10899,22
10899,94
10901,3
10901,15
10901,21
10901,84
10901,96
10901,109
10901,113
10901,114
10901,128
10913,94
10943,9
10943,94
10952,32
10952,94
10991,6
10991,94
11035,1
11035,94
11043,11
11043,15
11043,16
11043,40
11043,94
11059,22
11087,15
11087,16
11087,110
11157,22
11157,37
11157,43
11157,94
11181,94
11186,19
11186,88
11218,17
11218,94
11244,11
11244,14
11244,16
11250,94
11338,1
11338,13
11338,94
11353,21
11371,22
11371,43
11371,57
11371,88
11371,94
11406,15
11406,47
11415,19
11415,32
11415,94
11451,94
11468,94
11485,4
11485,17
11485,19
11485,23
11485,32
11485,94
11533,1
11533,94
11574,32
11645,94
11670,19
11670,32
11670,94
11738,1
11879,1
11879,15
11903,3
11903,6
11903,9
11903,12
11903,14
11903,15
11903,16
11903,21
11903,24
11903,30
11903,40
11903,47
11903,48
11903,51
11903,57
11903,60
11903,61
11903,63
11903,67
11903,68
11903,77
11903,84
11903,86
11903,96
11903,110
11903,124
11953,94
11971,1
11971,13
11974,1
11974,13
11974,94
11974,125
11980,5
11980,6
11980,8
11980,9
11980,28
12035,1
12035,13
12035,14
12035,94
12055,17
12055,94
12061,94
12107,19
12107,32
12111,94
12127,19
12149,94
12155,94
12167,19
12167,20
12167,35
12167,88
12169,3
12169,11
12169,15
12169,16
12169,21
12204,22
12273,3
12273,6
12273,9
12273,22
12273,26
12292,94
12301,14
12301,16
12303,94
12340,28
12450,1
12450,14
12463,6
12463,9
12463,28
12516,1
12516,3
12516,9
12516,39
12519,17
12519,94
12520,19
12520,22
12520,94
12584,1
12584,11
12584,13
12584,14
12584,16
12584,94
12586,94
12594,22
12594,94
12688,22
12731,86
12731,94
12743,19
12749,94
12815,19
12815,32
12815,94
12863,17
12863,94
12863,152
12894,12
12894,13
12894,14
12894,24
12894,94
12919,1
12919,6
12919,8
12919,11
12919,13
12919,14
12919,16
12919,94
12957,3
12957,5
12957,6
12957,9
12957,94
12958,4
12958,19
12958,52
13017,19
13017,22
13017,94
13031,1
13031,6
13031,8
13031,11
13031,13
13031,14
13031,16
13031,84
13102,43
13142,19
13142,32
13142,94
13183,17
13183,94
13190,94
13266,12
13266,14
13266,47
13266,94
13282,4
13307,40
13338,22
13338,42
13338,94
13382,1
13382,13
13382,39
13382,94
13382,125
13396,19
13396,23
13396,94
13423,21
13427,4
13427,19
13427,23
13427,94
13447,52
13459,1
13459,13
13468,57
13506,94
13507,94
13548,1
13548,9
13548,13
13554,94
13568,22
13568,77
13568,103
13569,94
13590,94
13603,94
13650,94
13693,94
13696,1
13696,11
13696,13
13696,14
13696,16
13696,58
13704,14
13704,16
13704,110
13704,150
13778,1
13778,6
13814,22
13814,94
13873,19
13873,94
13907,43
13969,1
13969,3
13969,5
13969,6
13969,8
13969,9
13969,28
13969,29
13969,39
13969,125
13989,17
13989,37
13989,94
13991,4
13991,19
13991,23
13991,32
13991,84
13996,22
13996,43
13996,94
14124,52
14143,21
14287,19
14287,22
14287,37
14287,43
14287,57
14287,94
14320,94
14335,94
14386,1
14386,94
14404,22
14404,88
14404,116
14476,1
14476,12
14476,15
14476,17
14476,21
14476,38
14476,68
14476,94
14476,109
14476,112
14476,113
14476,114
14476,128
14480,22
14480,42
14480,94
14553,17
14553,94
14582,19
14582,52
14582,88
14655,22
14655,94
14703,22
14703,26
14703,42
14703,94
14713,94
14752,94
14805,22
14805,94
14809,19
14809,22
14809,32
14809,94
14860,3
14860,9
14860,22
14860,26
14860,42
14860,57
14874,94
14877,19
14877,22
14877,23
14877,32
14877,94
14881,94
14893,1
15074,19
15074,32
15074,94
15085,94
15085,152
15124,94
15168,94
15189,94
15241,86
15241,94
15284,94
15304,15
15308,94
15339,94
15349,18
15372,1
15372,13
15397,22
15397,94
15448,19
15448,32
15448,94
15459,94
15497,94
15623,4
15642,19
15642,23
15642,32
15642,94
15687,21
15768,9
15768,17
15768,94
15803,94
15805,94
15831,22
15917,94
16082,1
16082,94
16084,17
16084,94
16103,94
16110,22
16110,42
16110,94
16256,94
16314,17
16314,94
16321,34
16352,3
16357,16
16372,17
16372,20
16372,94
16372,122
16381,14
16381,16
16466,94
16469,15
16563,94
16577,94
16601,15
16627,94
16630,94
16664,94
16737,8
16741,19
16741,88
16818,1
16818,17
16818,94
16897,94
16928,3
16928,5
16928,6
16928,9
16928,29
16928,84
16970,94
17000,22
17000,88
17000,116
17025,17
17025,94
17110,42
17110,94
17112,94
17168,17
17168,19
17168,94
17276,4
17350,32
17350,94
17387,1
17387,39
17407,94
17538,94
17553,1
17553,11
17553,13
17553,14
17553,16
17553,21
17553,94
17584,6
17620,17
17620,94
17699,94
17716,94
17721,40
17722,17
17722,94
17722,152
17771,4
17771,23
17771,32
17771,84
17772,17
17772,86
17772,94
17794,94
17941,94
17948,94
17995,17
17995,94
18017,1
18017,12
18017,13
18017,14
18017,24
18017,94
18177,47
18177,51
18177,84
18331,4
18334,1
18334,9
18334,39
18403,32
18419,32
18419,94
18430,1
18430,13
18458,94
18496,26
18496,29
18496,94
18497,21
18499,19
18533,1
18533,9
18533,22
18533,39
18533,42
18533,94
18576,94
18609,52
18609,94
18609,106
18647,22
18647,37
18647,84
18647,86
18647,88
18660,11
18660,14
18660,16
18675,1
18675,13
18675,38
18675,94
18682,94
18742,17
18742,19
18742,32
18742,94
18750,19
18750,23
18750,94
18785,94
18837,17
18837,94
18845,6
18845,9
18845,22
18845,42
18845,94
18874,12
18874,14
18874,24
18874,70
18880,94
18949,19
18992,94
19003,94
19066,22
19066,94
19069,94
19115,94
19133,32
19133,94
19136,94
19167,1
19167,94
19169,19
19169,32
19169,94
19179,94
19293,94
19327,18
19327,94
19327,116
19469,94
19495,94
19533,6
19533,9
19558,22
19558,94
19591,1
19591,6
19591,9
19591,94
19631,19
19631,32
19631,94
19639,94
19654,20
19654,86
19654,94
19700,94
19703,22
19703,94
19704,12
19704,14
19704,94
19706,47
19756,11
19756,14
19756,16
19769,22
19769,88
19776,94
19827,1
19960,94
20016,21
20021,17
20021,57
20021,94
20070,94
20095,94
20116,21
20130,94
20147,12
20147,14
20147,17
20147,94
20190,1
20190,11
20190,13
20190,14
20190,16
20236,19
20236,32
20247,94
20257,3
20257,6
20257,9
20257,22
20257,94
20326,13
20326,16
20348,22
20348,94
20387,1
20387,13
20387,14
20387,16
20407,94
20449,20
20449,35
20475,19
20475,20
20475,35
20475,36
20475,94
20499,20
20499,86
20519,1
20519,36
20519,84
20563,36
20563,86
20573,17
20573,20
20573,86
20573,94
20576,20
20576,86
20576,88
20576,94
20637,52
20654,94
20654,145
20654,146
20672,20
20672,35
20672,94
20675,20
20698,20
20698,35
20698,86
20698,94
20718,20
20718,35
20718,94
20721,17
20721,20
20721,35
20721,86
20721,94
20779,17
20779,94
20827,17
20827,20
20827,35
20827,88
20827,94
20875,17
20875,36
20875,52
20875,94
20907,36
20907,52
20920,20
20920,35
20921,20
20921,35
20921,86
20921,88
20921,94
20946,36
20946,52
20980,19
20980,20
20980,35
20980,36
20980,94
20983,19
20983,20
20983,36
20983,52
20983,86
20983,88
20987,17
20987,20
20987,35
20987,94
20999,18
20999,116
21001,18
21001,116
21006,145
21006,146
21020,94
21026,19
21026,36
21026,52
21038,52
21074,52
21107,86
21107,88
21107,94
21130,94
21139,36
21142,86
21142,88
21142,94
21151,86
21151,88
21151,94
21155,17
21155,20
21155,35
21155,94
21348,20
21348,35
21348,86
21348,94
21382,18
21382,19
21382,88
21382,94
21382,116
21388,94
21388,140
21395,52
21426,94
21459,36
21459,87
21459,138
21500,20
21500,35
21500,86
21500,88
21500,94
21533,94
21549,94
21551,94
21583,36
21583,52
21615,52
21615,94
21630,52
21679,94
21816,4
21816,17
21816,94
21852,86
21857,52
21932,94
22004,94
22010,87
22036,23
22038,94
22194,19
22194,23
22194,32
22194,94
22204,22
22204,26
22204,42
22204,94
22268,29
22280,22
22280,52
22280,94
22315,18
22319,17
22319,18
22319,52
22319,116
22479,1
22479,39
22479,94
22517,87
22517,94
22517,143
22658,94
22659,94
22714,96
22723,19
22796,22
22796,43
22807,86
22821,94
22828,21
22909,57
22914,22
22947,4
22947,17
22947,19
22947,23
22947,94
22980,52
23229,17
23229,94
23229,152
23247,37
23265,94
23278,94
23350,94
23397,36
23398,17
23398,20
23398,35
23398,86
23398,88
23398,94
23503,84
23520,87
23530,94
23609,86
23609,88
23609,94
23610,94
23627,94
23631,94
23708,20
23708,35
23708,88
23708,94
23725,94
23726,94
23787,36
23787,52
23796,20
23796,35
23796,86
23796,88
23796,94
23796,146
23801,19
23812,19
23831,94
23920,52
23924,19
23963,94
23973,94
24007,1
24007,6
24007,13
24007,94
24050,36
24053,11
24053,14
24053,16
24053,94
24055,88
24066,87
24069,52
24079,17
24079,94
24081,17
24081,94
24081,146
24081,152
24102,18
24102,96
24102,116
24124,52
24215,14
24215,58
24226,52
24270,19
24295,94
24308,36
24308,94
24308,117
24308,138
24328,19
24328,36
24375,19
24375,36
24375,94
24376,19
24376,36
24376,94
24386,13
24386,14
24386,94
24411,36
24423,22
24466,52
24499,18
24502,87
24505,52
24586,36
24593,19
24593,36
24593,94
24613,19
24613,36
24613,52
24613,94
24647,52
24658,36
24658,52
24658,94
24697,94
24708,94
24729,4
24736,96
24739,17
24739,88
24739,94
24739,139
24739,146
24739,152
24743,19
24743,36
24743,52
24743,94
24747,18
24747,19
24747,20
24747,35
24747,36
24747,52
24747,86
24747,94
24777,17
24777,94
24777,96
24801,94
24820,1
24820,13
24820,16
24828,52
24881,94
24959,94
24960,87
24960,96
24960,124
24963,20
24963,35
24963,94
25003,52
25004,52
25059,87
25101,94
25137,94
25157,17
25157,87
25157,94
25157,96
25172,19
25172,94
25173,19
25173,94
25216,87
25216,88
25216,96
25216,116
25216,143
25240,19
25240,52
25250,52
25251,87
25254,22
25254,37
25254,43
25254,57
25286,20
25286,35
25302,86
25302,88
25410,36
25451,18
25451,19
25451,36
25451,94
25458,96
25485,20
25485,35
25485,94
25501,43
25512,88
25512,94
25520,94
25558,36
25558,88
25569,6
25569,84
25607,18
25633,1
25633,11
25633,13
25633,14
25633,15
25633,16
25648,36
25648,52
25656,86
25656,87
25656,88
25692,18
25692,52
25692,116
25734,36
25734,52
25736,1
25736,13
25736,14
25736,94
25761,18
25783,52
25784,4
25784,19
25784,52
25784,94
25812,36
25812,52
25812,94
25837,19
25837,36
25837,52
25869,17
25869,94
25869,96
25869,121
25869,123
25869,152
25872,20
25872,36
25872,52
25872,94
25876,52
25882,52
25926,52
25928,52
25932,18
25932,19
25932,94
25932,116
25945,86
25952,52
26021,84
26045,96
26047,96
26113,36
26113,52
26116,36
26148,19
26148,52
26202,87
26400,20
26400,35
26400,88
26400,94
26400,145
26400,146
26416,3
26416,22
26416,25
26416,84
26416,88
26416,94
26416,116
26420,4
26420,19
26420,94
26431,20
26461,36
26461,52
26465,17
26465,88
26465,94
26465,121
26465,152
26511,19
26511,88
26513,146
26540,6
26588,52
26596,20
26596,35
26603,87
26603,88
26603,96
26603,116
26606,54
26607,52
26616,20
26616,35
26616,86
26616,88
26616,94
26633,20
26633,35
26633,86
26633,94
26644,36
26644,52
26644,140
26713,52
26713,94
26713,96
26713,121
26713,124
26713,140
26761,36
26773,94
26802,36
26802,52
26808,36
26852,36
26859,36
26915,52
26917,52
26966,94
26969,96
26980,94
27003,94
27007,20
27007,35
27007,94
27011,96
27028,94
27028,145
27028,146
27059,52
27060,22
27060,88
27060,116
27094,94
27111,20
27111,94
27130,94
27284,94
27287,86
27290,86
27290,94
27343,29
27356,22
27382,72
27453,1
27453,13
27453,94
27564,96
27565,96
27573,86
27573,94
27575,37
27576,22
27577,18
27577,84
27642,94
27646,19
27646,32
27647,19
27647,32
27647,94
27698,36
27707,17
27707,22
27707,77
27709,77
27710,77
27719,52
27747,19
27747,32
27747,94
27779,94
27880,96
27923,52
27923,96
27951,94
27954,106
27957,87
27957,94
27963,1
27963,13
27963,14
27963,58
28000,14
28013,86
28014,52
28034,36
28047,86
28068,94
28152,94
28156,6
28181,18
28181,94
28181,116
28206,9
28206,94
28215,94
28237,52
28248,9
28250,112
28316,9
28357,94
28404,4
28404,19
28404,36
28404,52
28404,94
28417,52
28425,52
28473,36
28480,19
28480,36
28480,52
28480,94
28502,36
28502,52
28502,94
28952,36
29045,19
29045,20
29045,36
29072,18
29076,94
29078,96
29116,96
29126,86
29126,88
29132,17
29132,94
29132,121
29132,123
29132,145
29132,146
29187,20
29187,35
29187,36
29199,36
29199,52
29201,17
29201,94
29203,36
29203,88
29203,94
29203,96
29212,20
29212,35
29212,86
29212,88
29212,94
29242,36
29242,52
29242,96
29277,94
29287,86
29287,88
29314,36
29332,18
29332,116
29338,86
29338,94
29355,94
29362,4
29362,19
29369,22
29369,43
29410,94
29438,20
29438,35
29438,94
29443,17
29443,20
29443,35
29443,86
29443,88
29443,94
29443,139
29445,20
29445,35
29445,86
29445,88
29445,94
29445,152
29446,86
29446,88
29458,36
29473,42
29473,84
29476,22
29487,52
29507,96
29533,52
29540,20
29540,36
29546,36
29546,52
29553,94
29560,94
29560,140
29571,94
29583,87
29591,94
29592,94
29596,21
29661,106
29695,94
29709,52
29717,94
29726,20
29726,35
29726,94
29748,86
29748,88
29748,94
29748,140
29750,52
29758,36
29776,94
29790,86
29790,88
29802,87
29810,36
29810,52
29810,94
29902,18
29902,116
29902,123
29911,22
29929,35
29929,86
29929,88
29935,20
29935,35
29935,88
29935,94
29935,139
30010,20
30010,35
30010,86
30013,106
30029,6
30029,84
30037,84
30064,84
30064,86
30064,88
30070,106
30111,36
30133,88
30133,96
30133,116
30133,123
30133,124
30139,94
30142,20
30142,35
30142,84
30142,86
30142,88
30142,94
30142,96
30142,123
30155,52
30177,86
30177,88
30177,96
30177,121
30353,35
30390,87
30390,96
30405,22
30406,22
30468,106
30475,17
30475,20
30475,35
30475,86
30475,88
30475,94
30475,96
30475,121
30475,123
30475,124
30475,140
30475,143
30475,145
30475,146
30475,152
30475,155
30478,86
30478,94
30486,35
30486,146
30530,96
30530,121
30530,123
30574,20
30574,35
30574,36
30574,86
30581,52
30588,17
30588,94
30588,96
30588,121
30607,84
30621,84
30669,96
30669,121
30669,123
30669,124
30681,17
30681,94
30681,152
30704,3
30720,21
30734,20
30734,35
30734,94
30760,19
30765,106
30789,94
30791,22
30813,17
30813,20
30813,35
30813,88
30813,94
30822,94
30832,52
30835,20
30883,94
30915,18
30915,116
30915,143
30964,106
30992,4
30992,22
30992,88
30992,116
31005,9
31033,96
31033,121
31055,52
31088,84
31090,86
31090,94
31090,124
31116,3
31116,9
31139,18
31139,19
31139,20
31139,35
31139,36
31139,52
31139,86
31139,116
31140,36
31140,52
31213,94
31261,17
31261,94
31299,52
31387,94
31391,86
31391,94
31427,18
31445,17
31445,94
31476,96
31493,57
31509,1
31509,17
31509,94
31511,84
31582,17
31582,86
31582,94
31582,121
31582,123
31582,124
31582,146
31582,152
31594,94
31621,94
31669,86
31669,88
31699,20
31699,35
31699,129
31699,143
31714,20
31773,117
31773,138
31780,20
31780,86
31806,88
31806,96
31806,116
31806,121
31827,17
31827,94
31832,94
31866,106
31896,96
31900,35
31900,88
31900,94
31919,20
31919,35
31919,94
31936,94
31940,94
31941,86
31941,96
31941,121
31951,6
32038,22
32038,94
32065,20
32065,35
32120,17
32120,94
32194,52
32204,17
32204,94
32204,152
32208,20
32208,35
32208,36
32208,52
32208,94
32213,36
32217,36
32232,36
32232,88
32237,52
32240,36
32248,17
32248,94
32254,17
32254,94
32270,86
32304,17
32304,35
32304,86
32304,88
32304,94
32304,96
32304,121
32304,152
32313,94
32317,17
32317,20
32317,35
32317,86
32317,88
32317,94
32317,152
32319,94
32330,86
32330,87
32330,88
32330,116
32330,139
32370,86
32370,88
32370,94
32370,96
32370,121
32370,123
32370,143
32370,154
32379,19
32379,36
32379,52
32379,94
32425,36
32520,88
32520,94
32520,96
32520,106
32520,116
32532,35
32532,88
32553,18
32561,87
32561,94
32561,96
32561,121
32561,123
32618,94
32619,17
32619,94
32620,86
32620,88
32620,94
32621,86
32625,84
32658,96
32658,123
32663,17
32663,94
32664,86
32686,20
32686,35
32686,88
32686,94
32696,35
32696,88
32707,20
32707,86
32707,88
32707,94
32731,94
32764,52
32764,106
32778,53
32817,94
32832,18
32832,116
32832,129
32832,143
32836,36
32836,52
32836,94
32843,94
32853,20
32853,35
32853,36
32853,52
32853,86
32865,20
32887,17
32887,94
32887,152
32899,22
32899,57
32899,94
32907,94
32915,94
32932,36
32933,20
32933,35
32933,86
32933,88
32933,94
32959,94
32959,96
32959,121
32959,123
32959,138
32988,3
32988,5
32988,6
32988,7
32988,8
32988,9
32988,21
32988,84
33024,106
33039,94
33040,9
33061,6
33061,9
33061,57
33081,94
33081,140
33128,86
33128,88
33133,36
33133,52
33158,17
33158,94
33158,96
33158,121
33158,123
33167,20
33167,35
33167,86
33167,94
33167,129
33167,143
33169,94
33185,36
33224,3
33251,17
33251,35
33251,86
33251,88
33251,94
33255,6
33262,52
33330,86
33330,94
33330,96
33330,121
33330,124
33345,20
33345,35
33345,86
33345,88
33345,94
33345,145
33345,146
33364,96
33420,94
33423,17
33423,94
33473,22
33494,86
33494,88
33494,94
33546,94
33565,4
33567,18
33567,116
33809,36
33826,20
33826,35
33826,36
33826,94
33875,17
33875,94
33875,140
33875,152
33884,94
33890,36
33890,117
33890,138
33890,139
33899,117
33900,117
33999,96
33999,121
33999,123
34025,94
34028,117
34073,20
34073,86
34086,94
34125,18
34125,116
34128,19
34128,32
34128,94
34136,94
34149,94
34155,52
34168,20
34168,35
34168,94
34218,35
34218,84
34218,88
34219,86
34219,88
34219,94
34245,117
34253,106
34253,139
34267,17
34267,94
34269,94
34274,140
34293,106
34301,17
34301,94
34301,123
34309,94
34314,17
34314,94
34372,35
34372,94
34381,5
34381,6
34399,86
34399,87
34399,88
34399,94
34417,1
34417,11
34417,110
34429,20
34429,35
34429,36
34429,86
34429,88
34429,117
34439,55
34489,17
34489,94
34493,20
34493,35
34493,86
34505,84
34516,17
34516,94
34522,52
34539,18
34539,19
34629,94
34630,94
34652,21
34653,94
34660,94
34704,86
34704,88
34761,22
34766,96
34766,121
34779,17
34779,94
34779,96
34779,121
34779,152
34793,17
34793,94
34793,96
34793,123
34796,17
34796,94
34801,22
34801,42
34801,88
34801,116
34801,123
34836,34
34836,85
34874,43
34891,94
34905,88
34905,94
34928,140
34932,117
34940,20
34940,35
34940,86
34940,88
34940,94
34940,96
34940,117
34940,121
34940,123
34940,124
34940,129
34940,138
34940,139
34940,143
34940,145
34940,146
34966,140
34972,117
35007,17
35007,94
35007,96
35007,121
35008,17
35008,94
35008,96
35008,121
35035,34
35061,17
35061,94
35072,4
35072,19
35072,94
35090,117
35090,138
35092,117
35104,137
35129,17
35129,20
35129,35
35129,36
35129,52
35129,86
35129,88
35129,94
35144,17
35144,94
35144,96
35144,121
35144,140
35145,17
35145,94
35145,96
35145,121
35244,94
35246,36
35246,52
35317,94
35383,94
35398,20
35398,35
35398,88
35398,94
35398,145
35398,146
35406,4
35422,84
35429,17
35429,86
35429,94
35429,152
35441,117
35449,17
35449,86
35449,88
35449,94
35453,19
35483,20
35483,35
35483,36
35487,86
35487,88
35487,94
35487,146
35514,20
35514,35
35514,88
35514,94
35572,117
35572,138
35579,35
35579,88
35579,129
35579,143
35582,117
35583,52
35594,35
35594,88
35594,129
35594,143
35601,117
35601,138
35610,36
35614,86
35619,94
35619,139
35619,145
35619,146
35621,19
35621,94
35632,94
35675,94
35676,17
35676,94
35677,94
35677,140
35693,94
35702,20
35702,35
35702,94
35702,146
35707,9
35707,98
35715,86
35715,96
35715,121
35721,52
35723,96
35728,35
35728,36
35754,20
35754,35
35754,36
35794,36
35836,17
35836,94
35836,106
35850,20
35850,35
35850,86
35850,88
35850,94
35850,146
35852,84
35855,94
35868,86
35868,88
35868,94
35868,139
35882,140
35927,53
35938,20
35938,35
35938,86
35938,129
35938,143
35954,22
35954,88
35954,116
35990,36
35990,117
35997,96
35997,121
35997,123
35997,124
35997,140
36004,94
36035,17
36035,94
36035,96
36042,106
36043,106
36044,17
36044,87
36044,96
36044,121
36044,123
36044,124
36044,143
36067,20
36067,35
36067,86
36067,88
36067,145
36067,146
36077,94
36108,35
36108,36
36108,88
36113,17
36113,86
36113,88
36113,94
36113,152
36121,94
36163,52
36174,86
36174,88
36183,22
36185,94
36212,138
36212,143
36212,146
36214,36
36214,88
36229,36
36229,94
36232,121
36238,96
36238,121
36238,123
36240,96
36240,121
36244,96
36244,121
36246,96
36246,121
36345,57
36359,129
36359,143
36371,84
36381,129
36381,143
36426,52
36430,124
36442,57
36449,57
36452,88
36468,57
36535,86
36535,88
36538,20
36538,35
36538,36
36604,20
36604,86
36618,20
36626,94
36662,96
36662,121
36662,123
36683,17
36683,94
36683,145
36683,146
36683,152
36709,57
36713,17
36713,94
36713,139
36713,146
36714,43
36721,117
36721,138
36732,88
36746,88
36751,18
36751,35
36761,18
36761,35
36761,116
36765,20
36765,35
36765,86
36765,88
36765,94
36765,145
36765,146
36777,17
36777,86
36777,88
36777,94
36777,96
36777,117
36777,121
36777,123
36777,139
36777,143
36777,145
36777,146
36777,154
36780,106
36781,106
36782,94
36803,35
36812,88
36812,96
36812,106
36812,116
36812,121
36815,106
36835,94
36845,35
36858,57
36917,20
36917,35
36917,88
36917,94
36924,52
36931,4
36934,4
36947,94
36974,86
36974,88
36978,20
36978,35
36978,88
36978,94
36989,35
36989,88
36989,146
36993,94
36993,145
36993,146
36993,152
37017,35
37017,94
37017,129
37017,143
37028,18
37030,94
37038,35
37038,36
37038,94
37038,117
37039,20
37044,35
37044,88
37049,87
37054,52
37084,17
37084,94
37130,36
37130,52
37135,36
37135,117
37135,138
37152,17
37152,20
37152,35
37152,86
37152,88
37152,94
37152,96
37152,121
37152,123
37152,152
37177,18
37177,35
37181,20
37181,35
37181,88
37181,94
37188,86
37188,88
37188,94
37323,94
37335,140
37390,94
37390,96
37407,18
37407,35
37407,94
37407,116
37415,1
37415,39
37432,94
37437,96
37437,121
37437,123
37437,124
37446,94
37454,129
37454,143
37458,17
37458,94
37458,121
37482,86
37482,88
37514,35
37516,20
37516,35
37516,94
37552,94
37572,143
37590,20
37590,35
37598,20
37598,35
37598,86
37598,94
37598,129
37598,143
37623,94
37646,117
37646,138
37647,20
37647,35
37647,88
37709,35
37709,88
37734,96
37734,121
37734,123
37773,117
37808,20
37808,35
37808,94
37841,9
37884,86
37884,88
37884,94
37889,94
37917,138
37962,143
38037,143
38040,20
38040,35
38040,88
38040,94
38040,139
38047,129
38047,143
38099,17
38099,94
38099,96
38099,121
38099,123
38130,143
38144,17
38144,94
38144,121
38144,123
38169,17
38169,94
38169,96
38169,121
38169,123
38175,1
38175,13
38211,94
38252,52
38257,17
38257,94
38257,96
38257,121
38257,152
38268,129
38268,143
38269,143
38270,20
38270,35
38270,88
38270,94
38303,20
38303,35
38303,94
38321,117
38321,138
38326,96
38326,121
38326,123
38350,84
38366,18
38395,20
38395,35
38395,36
38395,86
38402,101
38408,20
38408,86
38446,17
38446,94
38446,145
38446,146
38446,152
38456,94
38465,36
38465,94
38466,35
38466,86
38466,88
38466,94
38529,86
38529,94
38529,145
38535,20
38535,35
38535,88
38535,94
38535,152
38580,106
38581,36
38581,52
38581,117
38581,139
38596,20
38596,35
38596,86
38596,88
38596,94
38596,145
38596,146
38603,52
38604,52
38614,20
38614,35
38614,88
38614,94
38614,143
38627,96
38627,121
38627,123
38628,94
38630,94
38632,94
38668,94
38672,94
38709,94
38736,19
38736,94
38761,86
38779,17
38779,94
38788,94
38788,145
38788,146
38856,86
38856,88
38856,94
38895,20
38895,35
38895,86
38895,88
38895,94
38900,20
38900,35
38900,86
38900,94
38900,139
38910,19
38910,94
38924,94
38924,96
38924,121
38924,123
38924,129
38924,143
38966,96
38966,121
38992,17
38992,94
38992,146
39001,17
39001,94
39001,145
39001,146
39017,36
39017,52
39018,21
39030,96
39030,121
39045,96
39045,121
39075,20
39075,35
39075,36
39075,88
39086,9
39088,106
39109,94
39117,17
39117,86
39117,88
39117,94
39118,17
39118,94
39132,86
39132,88
39132,94
39151,17
39151,94
39152,18
39159,18
39159,116
39164,17
39164,94
39195,94
39231,4
39233,36
39242,18
39242,19
39242,94
39244,18
39244,19
39269,86
39269,88
39269,94
39290,96
39290,121
39290,123
39291,20
39291,35
39291,36
39291,86
39291,94
39291,139
39305,94
39318,94
39318,124
39358,146
39360,129
39360,143
39365,17
39365,94
39365,152
39406,94
39406,121
39422,94
39423,17
39423,94
39423,121
39423,138
39459,94
39462,17
39462,94
39462,96
39462,121
39470,88
39476,94
39483,94
39483,96
39483,123
39497,86
39497,94
39513,20
39513,35
39513,88
39513,94
39575,20
39575,35
39575,86
39575,88
39575,94
39575,145
39575,146
39580,18
39580,19
39580,37
39593,17
39593,94
39593,96
39593,121
39593,123
39593,146
39593,152
39594,94
39626,106
39626,139
39659,19
39660,18
39660,116
39667,19
39682,86
39682,88
39682,94
39696,17
39696,20
39696,35
39696,94
39697,117
39735,96
39735,121
39735,123
39772,139
39775,17
39775,94
39775,152
39803,1
39812,20
39812,35
39854,86
39854,88
39854,94
39854,145
39854,146
39883,96
39883,121
39883,123
39894,96
39894,121
39894,123
39894,138
39919,35
39919,88
39934,96
39934,121
39944,94
39946,96
39946,123
39970,140
39973,17
39973,94
39982,94
40029,96
40029,121
40047,52
40062,52
40062,117
40080,96
40080,121
40083,86
40093,17
40093,94
40093,121
40093,152
40138,96
40138,124
40144,17
40144,86
40144,88
40144,94
40147,18
40147,129
40147,143
40156,140
40197,17
40197,94
40197,152
40215,96
40215,121
40241,3
40290,20
40290,35
40290,94
40411,6
40425,18
40425,116
40433,96
40433,121
40459,9
40524,88
40536,140
40540,96
40540,121
40543,94
40622,123
40646,18
40646,94
40646,116
40707,22
40725,94
40734,94
40749,26
40755,129
40755,143
40759,17
40759,94
40759,96
40759,121
40759,123
40759,152
40796,20
40796,35
40796,86
40796,88
40796,94
40796,145
40796,146
40819,19
40820,35
40875,94
40889,94
40901,94
40920,17
40920,94
40920,96
40920,121
40925,20
40925,35
40925,88
40925,94
40931,19
40932,138
40955,86
40955,88
40955,94
40959,94
41011,9
41011,84
41026,140
41040,138
41063,15
41063,47
41069,96
41069,121
41084,96
41084,123
41091,94
41127,94
41142,96
41142,121
41169,14
41169,24
41188,88
41188,143
41262,96
41262,106
41262,121
41263,17
41263,94
41263,96
41263,121
41263,123
41263,140
41269,138
41332,94
41349,139
41355,139
41400,106
41404,96
41404,121
41412,17
41412,86
41412,88
41412,94
41412,123
41412,139
41443,94
41443,96
41443,121
41443,123
41443,152
41454,140
41463,9
41472,117
41484,94
41484,145
41484,146
41485,20
41485,35
41485,36
41485,117
41485,139
41485,145
41485,146
41509,21
41511,4
41520,20
41520,35
41520,86
41520,88
41520,94
41520,139
41520,145
41520,146
41524,20
41524,35
41524,88
41524,94
41524,145
41524,146
41535,94
41535,146
41548,18
41569,117
41569,138
41574,138
41631,17
41631,94
41631,96
41631,121
41631,123
41631,152
41677,96
41677,123
41679,96
41679,121
41679,123
41679,140
41755,96
41755,121
41755,123
41764,17
41764,94
41764,139
41764,145
41764,146
41764,152
41795,138
41797,17
41797,86
41797,88
41797,94
41797,138
41797,139
41797,143
41797,146
41800,94
41849,117
41849,129
41849,138
41849,143
41850,22
41852,18
41879,4
41908,94
41928,20
41928,35
41928,86
41928,88
41928,94
41928,145
41928,146
41955,94
41967,94
41967,96
41967,121
41967,123
41967,143
41977,17
41977,94
41977,139
41977,152
41992,94
42006,129
42006,143
42013,35
42013,88
42013,129
42013,143
42013,146
42014,20
42014,35
42014,94
42014,139
42021,17
42021,20
42021,35
42021,88
42021,94
42021,139
42022,94
42030,17
42030,94
42065,94
42076,117
42076,138
42077,116
42128,52
42132,52
42153,94
42162,94
42162,96
42162,121
42162,123
42162,154
42252,106
42254,94
42310,94
42336,143
42346,17
42346,86
42346,88
42346,94
42346,152
42368,138
42441,123
42456,94
42456,96
42456,121
42459,35
42459,88
42494,17
42494,94
42494,121
42494,123
42508,20
42508,35
42508,94
42515,154
42516,20
42516,36
42516,52
42516,117
42516,139
42519,18
42519,129
42519,143
42549,17
42549,94
42554,17
42554,94
42554,96
42554,123
42574,17
42574,94
42577,143
42578,143
42585,88
42585,96
42585,121
42585,123
42585,143
42585,146
42594,88
42594,143
42594,146
42606,18
42619,17
42619,88
42619,94
42619,96
42619,121
42620,94
42620,96
42620,121
42620,123
42622,17
42622,94
42622,96
42622,121
42638,20
42638,35
42638,36
42638,88
42638,117
42638,139
42672,94
42672,145
42672,146
42678,17
42678,94
42678,152
42681,17
42681,94
42681,152
42689,94
42712,94
42712,145
42712,146
42712,152
42715,35
42715,88
42715,129
42715,143
42727,17
42727,94
42727,96
42727,121
42727,123
42727,154
42737,96
42737,121
42737,123
42751,21
42775,17
42775,94
42775,145
42775,152
42813,18
42813,19
42813,94
42828,17
42828,88
42828,94
42828,143
42828,145
42828,146
42828,152
42841,94
42841,96
42841,121
42841,123
42847,88
42847,94
42847,139
42847,143
42847,145
42847,146
42853,17
42853,94
42860,20
42860,94
42860,145
42863,96
42863,121
42863,123
42868,17
42868,94
42871,96
42871,121
42871,123
42893,143
42899,94
42899,145
42905,145
42912,94
42912,145
42912,146
42918,94
42918,145
42918,146
42925,94
42925,96
42925,121
42925,123
42925,146
42929,139
42931,139
42977,20
42977,35
42977,129
42977,143
42993,96
42993,121
42993,123
43007,96
43048,94
43094,94
43094,96
43094,121
43094,123
43094,140
43104,139
43114,94
43114,129
43114,143
43177,138
43181,94
43184,17
43184,94
43184,121
43184,123
43184,139
43184,152
43184,154
43220,19
43233,20
43233,36
43233,86
43233,117
43251,20
43251,35
43251,88
43251,94
43256,146
43271,17
43271,94
43271,96
43271,121
43271,123
43327,94
43337,17
43337,94
43337,121
43340,94
43384,94
43394,143
43399,94
43401,96
43401,121
43401,123
43447,86
43447,88
43454,147
43461,138
43461,139
43465,96
43465,121
43486,17
43486,94
43486,140
43486,152
43495,17
43495,94
43495,139
43495,152
43513,129
43513,143
43514,94
43571,94
43600,17
43600,94
43600,96
43600,121
43600,123
43639,94
43646,140
43647,140
43651,96
43651,121
43651,123
43676,94
43676,143
43676,146
43727,35
43727,88
43727,94
43727,129
43727,143
43727,146
43753,96
43753,121
43753,123
43754,140
43755,96
43755,123
43755,140
43774,94
43775,94
43790,17
43790,86
43790,88
43790,94
43790,138
43790,139
43790,143
43790,145
43790,146
43790,152
43811,94
43811,145
43811,146
43823,86
43823,88
43823,94
43823,139
43823,143
43823,145
43823,146
43855,94
43859,94
43873,86
43873,88
43873,94
43901,20
43901,35
43901,88
43901,94
43901,146
43960,20
43960,35
43960,36
43960,88
43960,94
43960,145
43960,146
43964,42
43972,146
43975,94
43979,117
43979,138
43994,94
43995,121
44003,17
44003,94
44013,129
44013,143
44014,35
44014,94
44031,96
44031,121
44031,123
44067,94
44075,94
44075,96
44075,121
44075,123
44105,94
44108,86
44108,88
44108,94
44108,96
44108,121
44108,123
44108,145
44108,146
44113,94
44122,94
44156,129
44156,143
44168,9
44192,96
44192,121
44192,123
44192,139
44197,94
44229,35
44257,94
44261,35
44261,88
44261,117
44261,129
44261,139
44261,143
44282,86
44282,88
44282,94
44282,139
44301,17
44301,94
44301,152
44333,94
44337,94
44337,152
44346,145
44346,146
44357,139
44367,17
44367,94
44367,145
44367,146
44368,17
44368,94
44368,145
44368,146
44382,96
44382,121
44382,123
44418,143
44436,17
44436,94
44436,96
44436,121
44436,123
44436,152
44451,35
44451,88
44467,94
44471,94
44473,94
44481,94
44482,94
44484,17
44484,20
44484,35
44484,94
44484,145
44484,146
44484,152
44507,146
44525,20
44525,35
44525,88
44551,88
44551,94
44558,17
44558,94
44565,129
44565,143
44580,1
44580,17
44580,94
44580,152
44590,20
44590,35
44590,88
44590,94
44592,117
44592,138
44607,17
44607,94
44607,96
44607,123
44617,84
44622,36
44622,52
44622,117
44622,139
44637,94
44637,96
44637,121
44637,123
44639,94
44639,96
44639,121
44639,123
44639,154
44650,106
44650,138
44651,94
44677,22
44688,17
44688,94
44688,96
44688,121
44688,123
44712,22
44712,88
44717,17
44717,94
44717,145
44717,146
44723,22
44734,94
44768,17
44768,94
44778,129
44778,143
44778,146
44780,36
44784,139
44785,117
44785,138
44786,94
44791,94
44860,123
44860,140
44892,96
44892,121
44892,123
44904,94
44904,129
44904,143
44913,94
44913,145
44913,146
44937,121
44937,123
44940,94
44951,94
45005,123
45016,129
45016,143
45034,94
45034,145
45034,146
45039,94
45047,96
45047,121
45047,123
45059,84
45114,94
45117,94
45145,94
45148,94
45148,145
45148,146
45154,94
45158,96
45158,121
45158,123
45214,17
45214,94
45214,152
45231,138
45233,32
45239,117
45239,138
45244,94
45252,37
45256,22
45292,84
45317,117
45317,138
45319,22
45319,42
45333,20
45333,35
45333,94
45333,145
45333,146
45338,138
45338,139
45359,20
45359,35
45359,86
45359,88
45359,94
45359,145
45359,146
45381,35
45381,139
45388,94
45403,94
45403,145
45403,146
45406,22
45419,96
45419,121
45419,123
45420,96
45420,121
45420,123
45425,17
45425,94
45425,146
45425,152
45433,17
45433,94
45433,96
45433,123
45433,152
45436,146
45439,106
45442,94
45454,17
45454,94
45454,152
45501,20
45501,94
45503,20
45503,35
45503,88
45503,94
45525,139
45525,145
45525,146
45577,17
45577,94
45577,145
45577,146
45577,152
45592,3
45605,94
45605,138
45614,18
45619,146
45622,17
45622,94
45622,146
45630,20
45630,35
45630,88
45630,94
45630,129
45630,143
45630,146
45634,17
45634,86
45634,88
45634,94
45634,139
45634,145
45634,146
45634,152
45646,88
45646,143
45646,146
45699,20
45699,35
45699,88
45699,94
45699,139
45702,138
45704,96
45704,121
45704,123
45707,94
45708,37
45708,94
45710,20
45710,35
45710,36
45710,88
45710,117
45710,139
45717,96
45717,121
45717,123
45727,94
45728,94
45750,94
45752,22
45752,88
45761,96
45761,121
45761,123
45761,154
45769,94
45783,20
45783,35
45783,88
45783,94
45783,145
45783,146
45787,129
45787,143
45789,129
45789,143
45791,129
45791,143
45803,117
45881,94
45913,94
45913,96
45913,121
45913,123
45918,17
45918,94
45918,96
45918,121
45918,123
45918,124
45918,152
45924,139
45935,94
45935,96
45935,121
45935,123
45935,124
45937,36
45942,4
45952,129
45952,143
45955,17
45955,20
45955,35
45955,88
45955,94
45955,123
45955,152
45959,94
45959,146
45968,117
45968,138
45971,52
45971,117
45971,138
45978,139
45981,20
45981,94
45981,121
45981,123
45981,145
46009,20
46009,35
46009,88
46009,94
46009,96
46009,121
46009,123
46009,129
46009,139
46009,145
46009,146
46022,94
46024,84
46027,96
46027,121
46027,123
46029,96
46029,121
46029,123
46031,96
46031,123
46048,96
46048,121
46048,123
46065,36
46065,52
46065,117
46065,139
46077,139
46108,94
46108,96
46108,121
46108,123
46143,94
46143,96
46143,121
46143,123
46150,96
46150,121
46150,123
46157,20
46157,35
46157,88
46157,145
46157,146
46159,19
46159,23
46159,32
46177,94
46178,94
46187,17
46187,94
46187,96
46187,121
46187,123
46187,124
46226,17
46226,94
46242,20
46242,35
46242,88
46242,145
46242,146
46247,94
46255,146
46256,129
46256,143
46266,17
46266,94
46266,152
46307,94
46307,146
46310,20
46310,35
46310,88
46310,94
46310,145
46310,146
46320,17
46320,94
46320,96
46320,121
46320,123
46320,152
46323,17
46323,94
46332,22
46357,94
46358,17
46358,94
46371,17
46371,94
46371,152
46380,20
46380,35
46380,94
46384,6
46384,87
46389,88
46389,146
46407,94
46430,17
46430,20
46430,35
46430,86
46430,88
46430,94
46430,96
46430,117
46430,121
46430,123
46430,129
46430,138
46430,139
46430,143
46430,145
46430,146
46431,20
46431,35
46431,86
46431,88
46431,94
46431,145
46431,146
46447,94
46447,145
46447,146
46461,129
46461,143
46461,145
46461,146
46465,123
46468,94
46471,17
46471,94
46471,152
46485,117
46485,138
46516,94
46516,143
46516,146
46517,94
46525,9
46526,9
46528,94
46534,94
46535,17
46535,94
46535,145
46535,146
46535,152
46541,52
46549,20
46549,86
46549,94
46549,145
46549,146
46552,145
46554,145
46556,94
46556,145
46556,146
46557,145
46567,35
46567,88
46567,146
46570,94
46570,145
46570,146
46571,94
46571,146
46571,152
46574,146
46580,139
46581,139
46583,139
46586,139
46595,139
46596,139
46607,94
46607,96
46607,121
46607,123
46607,143
46609,140
46610,117
46610,129
46610,143
46631,94
46631,145
46631,146
46664,20
46664,35
46664,94
46668,94
46674,139
46690,96
46690,121
46690,123
46720,18
46727,94
46741,22
46755,19
46780,4
46785,143
46796,22
46818,94
46818,139
46818,146
46818,155
46856,94
46856,106
46860,138
46863,20
46863,35
46863,86
46863,88
46863,94
46866,121
46866,123
46866,124
46867,94
46869,96
46869,121
46869,123
46882,140
46888,94
46901,52
46901,117
46918,146
46922,96
46922,121
46924,94
46940,94
46940,145
46940,146
46941,94
46956,17
46956,94
46956,152
46972,94
46973,94
46973,129
46973,143
47012,140
47019,86
47020,143
47021,146
47027,94
47043,52
47043,117
47061,94
47061,96
47061,121
47061,123
47061,124
47065,94
47076,94
47076,129
47076,143
47084,129
47084,143
47100,94
47140,117
47140,138
47141,96
47141,121
47141,123
47158,17
47158,94
47158,96
47158,121
47158,123
47159,17
47159,94
47159,152
47176,146
47178,94
47192,17
47192,94
47192,139
47192,145
47192,146
47192,152
47195,17
47195,20
47195,35
47195,94
47195,96
47195,121
47195,123
47195,145
47195,146
47217,20
47217,35
47217,88
47253,94
47263,94
47263,96
47263,121
47278,94
47291,20
47291,35
47291,88
47291,94
47303,94
47328,35
47328,84
47328,88
47328,94
47328,129
47328,143
47343,143
47353,86
47353,88
47353,94
47353,145
47353,146
47363,94
47363,146
47369,96
47369,121
47377,94
47379,94
47393,94
47393,139
47393,143
47393,146
47396,146
47399,129
47399,143
47411,17
47411,94
47411,121
47411,123
47411,152
47416,94
47428,138
47429,123
47442,94
47457,94
47457,139
47457,145
47457,146
47458,94
47469,94
47469,138
47469,143
47469,146
47471,94
47489,94
47524,94
47524,96
47524,121
47524,123
47524,124
47562,154
47562,155
47569,94
47624,94
47627,17
47627,94
47627,152
47647,20
47647,35
47647,94
47647,145
47647,146
47655,117
47678,117
47678,138
47679,20
47679,35
47679,86
47679,88
47679,94
47679,145
47679,146
47689,94
47696,96
47696,123
47697,96
47697,123
47699,86
47720,129
47720,143
47722,146
47744,17
47744,94
47753,20
47753,35
47753,121
47753,123
47753,139
47753,145
47753,146
47753,159
47754,20
47754,35
47759,117
47773,84
47781,96
47781,121
47781,123
47781,143
47811,84
47818,117
47818,138
47818,146
47818,157
47820,96
47820,121
47820,123
47827,146
47833,20
47833,35
47833,86
47833,88
47833,94
47833,117
47833,145
47833,146
47840,94
47853,96
47853,121
47853,123
47859,145
47860,146
47868,139
47868,145
47868,146
47869,140
47872,94
47888,20
47888,36
47888,139
47893,17
47893,94
47893,123
47893,152
47941,94
47962,17
47962,94
47971,143
47991,129
47991,143
48005,17
48005,94
48012,96
48012,121
48012,123
48012,124
48017,96
48017,121
48017,123
48031,36
48033,36
48033,117
48035,106
48059,17
48059,94
48084,84
48100,86
48100,88
48100,94
48105,4
48105,19
48131,17
48131,94
48131,152
48139,94
48139,129
48139,143
48145,94
48145,96
48145,121
48145,139
48181,29
48181,53
48181,84
48181,112
48190,94
48192,94
48192,96
48192,123
48192,124
48192,139
48192,143
48203,145
48203,146
48204,96
48204,121
48204,123
48204,154
48218,94
48218,146
48244,94
48270,94
48271,96
48271,121
48271,123
48274,117
48274,138
48283,94
48283,121
48289,20
48289,35
48289,88
48289,94
48289,146
48295,35
48295,88
48295,129
48295,143
48297,36
48297,117
48297,138
48297,139
48313,35
48313,88
48313,129
48313,143
48316,94
48316,129
48316,143
48320,94
48320,146
48336,123
48338,96
48338,121
48338,123
48344,35
48344,84
48344,146
48349,117
48349,138
48355,94
48355,129
48355,143
48358,94
48358,145
48358,146
48360,94
48360,139
48360,145
48360,146
48365,123
48381,94
48413,17
48413,86
48413,88
48413,94
48413,96
48413,121
48413,123
48413,139
48413,143
48413,145
48413,146
48421,94
48421,145
48421,146
48427,146
48439,94
48439,145
48439,146
48441,17
48441,94
48441,139
48441,145
48441,146
48441,152
48469,96
48469,121
48469,123
48478,21
48478,57
48486,94
48509,17
48509,94
48510,20
48510,35
48510,94
48510,145
48510,146
48516,123
48518,117
48518,138
48522,94
48522,145
48522,146
48537,94
48538,129
48538,143
48538,146
48575,94
48581,139
48586,17
48586,94
48586,152
48593,94
48593,145
48593,146
48596,1
48596,14
48596,16
48607,1
48607,13
48608,17
48608,94
48608,121
48612,17
48612,94
48615,19
48618,145
48618,146
48620,14
48620,16
48620,94
48621,17
48621,94
48621,143
48621,146
48621,152
48658,138
48658,139
48670,11
48670,14
48670,16
48678,84
48680,17
48680,20
48680,35
48680,94
48680,117
48680,129
48680,139
48680,143
48680,145
48680,146
48682,20
48682,35
48682,88
48682,94
48682,117
48682,129
48682,139
48682,143
48682,145
48682,146
48693,145
48693,146
48696,94
48703,143
48703,146
48709,129
48709,143
48735,117
48735,138
48738,94
48744,1
48744,13
48752,17
48752,94
48752,152
48754,20
48754,35
48754,86
48754,88
48754,94
48754,145
48754,146
48755,94
48755,145
48755,146
48757,94
48757,96
48757,121
48757,123
48757,124
48758,35
48758,88
48758,129
48758,143
48804,17
48804,94
48804,96
48804,121
48804,123
48804,152
48813,94
48823,17
48823,94
48823,145
48823,146
48823,152
48831,96
48831,121
48831,123
48832,84
48841,11
48841,14
48841,16
48851,129
48851,143
48855,94
48857,17
48857,94
48858,16
48877,123
48880,140
48882,14
48882,16
48888,17
48888,94
48906,94
48924,96
48924,121
48924,123
48933,94
48933,96
48933,121
48964,129
48964,143
48981,88
48981,94
48981,145
48981,146
48984,17
48984,94
49000,94
49000,139
49000,146
49026,96
49026,121
49026,123
49030,94
49051,94
49051,145
49051,146
49052,94
49052,121
49052,145
49052,146
49077,145
49077,146
49114,96
49114,123
49118,9
49123,11
49123,14
49128,96
49128,121
49128,123
49176,17
49176,94
49176,152
49184,94
49188,4
49189,52
49189,94
49189,106
49189,123
49190,52
49190,94
49200,94
49209,17
49209,94
49219,138
49223,129
49223,143
49229,94
49229,145
49229,146
49230,96
49230,121
49230,123
49254,17
49254,94
49254,121
49266,17
49266,94
49266,123
49266,124
49266,152
49271,17
49271,94
49271,146
49271,152
49272,20
49272,35
49272,88
49272,94
49272,145
49272,146
49275,94
49277,94
49277,145
49277,146
49281,35
49281,88
49281,129
49281,143
49281,146
49283,4
49289,88
49289,94
49304,22
49304,42
49322,35
49322,88
49322,129
49322,143
49322,146
49326,117
49326,138
49374,117
49375,117
49375,138
49376,96
49376,121
49379,94
49379,145
49379,146
49396,20
49396,35
49396,139
49396,145
49396,146
49402,17
49402,94
49402,121
49406,117
49406,138
49408,35
49408,88
49408,94
49408,146
49431,17
49431,94
49431,146
49435,117
49435,138
49438,96
49438,121
49438,123
49439,96
49439,121
49439,140
49453,94
49454,94
49454,121
49454,123
49458,35
49458,88
49458,146
49471,96
49471,121
49471,123
49479,96
49513,96
49513,121
49513,123
49523,20
49523,35
49523,88
49523,94
49523,117
49523,139
49523,145
49523,146
49524,17
49524,94
49537,96
49537,121
49537,123
49542,94
49542,145
49542,146
49547,94
49547,96
49547,121
49547,123
49567,36
49570,143
49585,17
49585,94
49585,96
49585,121
49593,117
49595,20
49595,35
49595,94
49595,117
49595,139
49595,145
49595,146
49600,35
49600,88
49600,145
49600,146
49601,20
49601,35
49601,94
49601,145
49601,146
49602,35
49602,88
49602,145
49602,146
49612,17
49612,94
49612,96
49612,121
49612,123
49614,17
49614,94
49614,152
49619,9
49633,17
49633,94
49633,129
49633,139
49633,143
49633,145
49633,146
49633,152
49642,94
49642,145
49642,146
49659,94
49683,117
49702,88
49702,94
49702,96
49702,123
49711,150
49717,96
49717,123
49717,140
49725,117
49725,138
49729,17
49729,94
49729,96
49729,152
49764,94
49771,96
49771,121
49771,123
49777,20
49777,35
49777,88
49777,94
49777,145
49777,146
49790,11
49800,117
49800,138
49817,17
49817,94
49817,152
49819,129
49819,143
49821,20
49821,35
49821,88
49821,94
49821,129
49821,143
49821,145
49821,146
49825,94
49825,121
49825,123
49825,139
49834,20
49834,35
49834,36
49834,117
49834,121
49834,139
49834,145
49834,146
49834,159
49835,94
49836,94
49843,146
49844,117
49844,139
49862,94
49866,20
49866,35
49866,94
49866,145
49866,146
49869,146
49873,96
49873,121
49873,123
49883,20
49883,35
49883,36
49883,117
49883,139
49885,36
49885,52
49885,94
49886,129
49886,143
49909,94
49909,96
49909,121
49909,123
49909,124
49945,52
49953,94
49953,146
49954,94
49954,145
49954,146
49959,117
49959,138
49960,139
49962,145
49965,94
49965,145
49965,146
49967,94
49967,145
49967,146
49968,94
49968,145
49968,146
49969,94
49972,94
49972,145
49972,146
49973,146
49979,146
49996,117
49996,138
50001,129
50001,143
50001,146
50002,145
50047,94
50061,9
50076,139
50078,96
50078,123
50078,129
50078,143
50137,86
50137,138
50137,143
50137,146
50153,129
50153,143
50156,35
50156,84
50156,146
50170,94
50170,145
50175,96
50175,121
50175,123
50211,22
50211,88
50213,129
50213,143
50213,146
50254,94
50254,146
50261,117
50261,129
50261,138
50261,143
50275,20
50275,35
50275,88
50275,145
50275,146
50278,129
50282,57
50283,20
50283,117
50283,139
50283,145
50283,146
50319,94
50325,86
50325,88
50325,94
50339,84
50357,129
50357,143
50367,146
50374,4
50380,129
50380,143
50388,94
50388,146
50389,35
50389,88
50389,129
50389,143
50389,146
50417,17
50417,94
50417,145
50417,146
50417,152
50421,94
50421,145
50421,146
50430,96
50430,121
50430,123
50441,20
50441,35
50441,88
50441,94
50441,129
50441,143
50441,145
50441,146
50448,129
50448,143
50448,146
50449,94
50449,145
50449,146
50462,117
50462,138
50465,94
50476,35
50476,84
50476,146
50510,94
50510,145
50512,17
50512,94
50517,9
50518,129
50518,143
50519,94
50519,145
50519,146
50529,138
50545,139
50574,17
50574,94
50574,152
50578,94
50586,17
50586,94
50586,152
50598,96
50598,121
50598,123
50599,96
50599,121
50599,123
50603,94
50604,117
50604,138
50616,129
50616,143
50616,146
50647,94
50648,94
50648,96
50648,121
50653,17
50653,94
50683,94
50706,129
50706,143
50706,146
50714,117
50714,138
50751,17
50751,94
50756,94
50756,117
50756,138
50760,9
50767,3
50767,6
50767,9
50786,21
50799,94
50800,17
50800,94
50800,152
50803,94
50804,96
50804,121
50804,123
50806,117
50806,138
50818,140
50835,96
50835,121
50835,159
50840,96
50840,123
50860,17
50860,94
50860,152
50861,17
50861,94
50861,152
50867,17
50867,94
50867,96
50867,121
50867,123
50867,124
50867,152
50869,37
50872,146
50873,146
50876,129
50876,143
50876,145
50876,146
50877,146
50915,17
50915,94
50915,152
50929,96
50929,121
50929,123
50938,94
50974,17
50974,94
50974,96
50974,123
50974,152
51010,17
51010,94
51026,35
51026,129
51026,146
51030,17
51030,94
51032,96
51032,121
51032,123
51035,36
51035,146
51067,87
51076,94
51090,17
51090,94
51099,117
51099,138
51102,94
51102,145
51102,146
51104,117
51112,146
51187,86
51187,88
51187,94
51187,117
51187,145
51187,146
51223,139
51223,146
51226,96
51226,121
51226,123
51244,94
51272,94
51299,129
51299,143
51301,96
51301,121
51301,123
51327,96
51327,121
51327,123
51338,94
51338,129
51338,143
51338,146
51339,35
51339,88
51339,129
51339,143
51339,146
51340,35
51340,88
51340,94
51340,129
51340,143
51340,146